item_code,color,업체명
HSQE0010VR,OAT,가온기업
HSQE0010VRA,OAT,가온기업
FKD0014N,RCN,미래N.C
FKD0018NN,RCN,미래N.C
FKD0018NN,WW,미래N.C
FKD0016N,WW,미래N.C
FKD0014N,WW,미래N.C
SD0012,MG,보넨스(Bonence)
SD0316AR,MG,보넨스(Bonence)
SD0012,BE,보넨스(Bonence)
WCBR0007B,WW,보넨스(Bonence)
WCBR0015A,WW,보넨스(Bonence)
SP4300N,BE,보넨스(Bonence)
SP4300,BE,보넨스(Bonence)
WCBR0015B,WW,보넨스(Bonence)
SD0362AR,MG,보넨스(Bonence)
SD0362AL,BE,보넨스(Bonence)
SD0316AL,MG,보넨스(Bonence)
SD0318AR,MG,보넨스(Bonence)
SD0318AL,MG,보넨스(Bonence)
SC9406L,MG,보넨스(Bonence)
SD0362AR,BE,보넨스(Bonence)
SP4300,MG,보넨스(Bonence)
SC9406R,BE,보넨스(Bonence)
FDD0014,WW,태산디자인
FDD0012,WW,태산디자인
FDD0012,KAP,태산디자인
FDD0014,OHN,태산디자인
FDD0016,OHN,태산디자인
FDD0018,WW,태산디자인
FDD0018JNN,WW,태산디자인
FDD0016,WW,태산디자인
FDD0016JNN,WW,태산디자인
FDD0018,OHN,태산디자인
FDD0018JNN,LD,태산디자인
